timeStamp,elapsed,label,responseCode,responseMessage,threadName,dataType,success,failureMessage,bytes,sentBytes,grpThreads,allThreads,URL,Latency,IdleTime,Connect
1667103297204,1072,Request1,200,OK,Thread Group 1-1,text,true,,18140,234,2,2,https://www.google.com/,509,0,99
1667103297204,509,Request1-0,301,Moved Permanently,Thread Group 1-1,text,true,,703,115,2,2,https://google.com/,509,0,99
1667103297715,561,Request1-1,200,OK,Thread Group 1-1,text,true,,17437,119,2,2,https://www.google.com/,548,0,102
1667103298222,1028,Request1,200,OK,Thread Group 1-2,text,true,,18190,234,3,3,https://www.google.com/,436,0,95
1667103298222,436,Request1-0,301,Moved Permanently,Thread Group 1-2,text,true,,703,115,3,3,https://google.com/,436,0,95
1667103298660,590,Request1-1,200,OK,Thread Group 1-2,text,true,,17487,119,3,3,https://www.google.com/,579,0,76
1667103298280,1137,Request1,200,OK,Thread Group 1-1,text,true,,18209,234,3,3,https://www.google.com/,680,0,0
1667103298280,680,Request1-0,301,Moved Permanently,Thread Group 1-1,text,true,,703,115,3,3,https://google.com/,680,0,0
1667103298960,457,Request1-1,200,OK,Thread Group 1-1,text,true,,17506,119,3,3,https://www.google.com/,449,0,0
1667103299418,812,Request1,200,OK,Thread Group 1-1,text,true,,18208,234,4,4,https://www.google.com/,348,0,0
1667103299418,348,Request1-0,301,Moved Permanently,Thread Group 1-1,text,true,,703,115,4,4,https://google.com/,348,0,0
1667103299766,464,Request1-1,200,OK,Thread Group 1-1,text,true,,17505,119,4,4,https://www.google.com/,450,0,0
1667103299208,1037,Request1,200,OK,Thread Group 1-3,text,true,,18177,234,4,4,https://www.google.com/,450,0,92
1667103299208,450,Request1-0,301,Moved Permanently,Thread Group 1-3,text,true,,703,115,4,4,https://google.com/,450,0,92
1667103299659,586,Request1-1,200,OK,Thread Group 1-3,text,true,,17474,119,4,4,https://www.google.com/,571,0,100
1667103299253,1574,Request1,200,OK,Thread Group 1-2,text,true,,18199,234,4,4,https://www.google.com/,1064,0,0
1667103299253,1064,Request1-0,301,Moved Permanently,Thread Group 1-2,text,true,,703,115,4,4,https://google.com/,1064,0,0
1667103300317,510,Request1-1,200,OK,Thread Group 1-2,text,true,,17496,119,4,4,https://www.google.com/,497,0,0
1667103300231,1192,Request1,200,OK,Thread Group 1-1,text,true,,18181,234,5,5,https://www.google.com/,670,0,0
1667103300231,670,Request1-0,301,Moved Permanently,Thread Group 1-1,text,true,,703,115,5,5,https://google.com/,670,0,0
1667103300901,522,Request1-1,200,OK,Thread Group 1-1,text,true,,17478,119,5,5,https://www.google.com/,510,0,0
1667103300246,1203,Request1,200,OK,Thread Group 1-3,text,true,,18229,234,5,5,https://www.google.com/,683,0,0
1667103300246,683,Request1-0,301,Moved Permanently,Thread Group 1-3,text,true,,703,115,5,5,https://google.com/,683,0,0
1667103300929,520,Request1-1,200,OK,Thread Group 1-3,text,true,,17526,119,5,5,https://www.google.com/,510,0,0
1667103300207,1455,Request1,200,OK,Thread Group 1-4,text,true,,18227,234,5,5,https://www.google.com/,946,0,73
1667103300207,946,Request1-0,301,Moved Permanently,Thread Group 1-4,text,true,,703,115,5,5,https://google.com/,946,0,73
1667103301154,508,Request1-1,200,OK,Thread Group 1-4,text,true,,17524,119,5,5,https://www.google.com/,500,0,92
1667103300828,948,Request1,200,OK,Thread Group 1-2,text,true,,18161,234,5,5,https://www.google.com/,442,0,0
1667103300828,442,Request1-0,301,Moved Permanently,Thread Group 1-2,text,true,,703,115,5,5,https://google.com/,442,0,0
1667103301270,506,Request1-1,200,OK,Thread Group 1-2,text,true,,17458,119,5,5,https://www.google.com/,496,0,0
1667103301424,784,Request1,200,OK,Thread Group 1-1,text,true,,18200,234,6,6,https://www.google.com/,340,0,0
1667103301424,340,Request1-0,301,Moved Permanently,Thread Group 1-1,text,true,,703,115,6,6,https://google.com/,340,0,0
1667103301764,444,Request1-1,200,OK,Thread Group 1-1,text,true,,17497,119,6,6,https://www.google.com/,431,0,0
1667103301450,864,Request1,200,OK,Thread Group 1-3,text,true,,18184,234,6,6,https://www.google.com/,351,0,0
1667103301450,351,Request1-0,301,Moved Permanently,Thread Group 1-3,text,true,,703,115,6,6,https://google.com/,351,0,0
1667103301801,513,Request1-1,200,OK,Thread Group 1-3,text,true,,17481,119,6,6,https://www.google.com/,499,0,0
1667103301209,1331,Request1,200,OK,Thread Group 1-5,text,true,,18235,234,6,6,https://www.google.com/,448,0,101
1667103301209,448,Request1-0,301,Moved Permanently,Thread Group 1-5,text,true,,703,115,6,6,https://google.com/,448,0,101
1667103301659,881,Request1-1,200,OK,Thread Group 1-5,text,true,,17532,119,6,6,https://www.google.com/,869,0,96
1667103301664,1315,Request1,200,OK,Thread Group 1-4,text,true,,18250,234,6,6,https://www.google.com/,797,0,0
1667103301664,797,Request1-0,301,Moved Permanently,Thread Group 1-4,text,true,,703,115,6,6,https://google.com/,797,0,0
1667103302461,518,Request1-1,200,OK,Thread Group 1-4,text,true,,17547,119,6,6,https://www.google.com/,506,0,0
1667103301776,1578,Request1,200,OK,Thread Group 1-2,text,true,,18213,234,7,7,https://www.google.com/,1063,0,0
1667103301776,1063,Request1-0,301,Moved Permanently,Thread Group 1-2,text,true,,703,115,7,7,https://google.com/,1063,0,0
1667103302839,515,Request1-1,200,OK,Thread Group 1-2,text,true,,17510,119,7,7,https://www.google.com/,504,0,0
1667103302210,1160,Request1,200,OK,Thread Group 1-6,text,true,,18226,234,7,7,https://www.google.com/,423,0,78
1667103302210,423,Request1-0,301,Moved Permanently,Thread Group 1-6,text,true,,703,115,7,7,https://google.com/,423,0,78
1667103302634,736,Request1-1,200,OK,Thread Group 1-6,text,true,,17523,119,7,7,https://www.google.com/,722,0,85
1667103302541,1216,Request1,200,OK,Thread Group 1-5,text,true,,18195,234,7,7,https://www.google.com/,690,0,0
1667103302541,690,Request1-0,301,Moved Permanently,Thread Group 1-5,text,true,,703,115,7,7,https://google.com/,690,0,0
1667103303231,526,Request1-1,200,OK,Thread Group 1-5,text,true,,17492,119,7,7,https://www.google.com/,502,0,0
1667103302209,1758,Request1,200,OK,Thread Group 1-1,text,true,,18170,234,7,7,https://www.google.com/,1232,0,0
1667103302209,1232,Request1-0,301,Moved Permanently,Thread Group 1-1,text,true,,703,115,7,7,https://google.com/,1232,0,0
1667103303441,526,Request1-1,200,OK,Thread Group 1-1,text,true,,17467,119,7,7,https://www.google.com/,524,0,0
1667103302314,1653,Request1,200,OK,Thread Group 1-3,text,true,,18191,234,7,7,https://www.google.com/,1128,0,0
1667103302314,1128,Request1-0,301,Moved Permanently,Thread Group 1-3,text,true,,703,115,7,7,https://google.com/,1128,0,0
1667103303442,525,Request1-1,200,OK,Thread Group 1-3,text,true,,17488,119,7,7,https://www.google.com/,523,0,0
1667103302979,1201,Request1,200,OK,Thread Group 1-4,text,true,,18195,234,7,7,https://www.google.com/,693,0,0
1667103302979,694,Request1-0,301,Moved Permanently,Thread Group 1-4,text,true,,703,115,7,7,https://google.com/,693,0,0
1667103303673,507,Request1-1,200,OK,Thread Group 1-4,text,true,,17492,119,7,7,https://www.google.com/,495,0,0
1667103303211,1049,Request1,200,OK,Thread Group 1-7,text,true,,18109,234,8,8,https://www.google.com/,430,0,86
1667103303211,431,Request1-0,301,Moved Permanently,Thread Group 1-7,text,true,,703,115,8,8,https://google.com/,430,0,86
1667103303643,617,Request1-1,200,OK,Thread Group 1-7,text,true,,17406,119,8,8,https://www.google.com/,613,0,115
1667103303380,899,Request1,200,OK,Thread Group 1-6,text,true,,18200,234,8,8,https://www.google.com/,357,0,0
1667103303380,357,Request1-0,301,Moved Permanently,Thread Group 1-6,text,true,,703,115,8,8,https://google.com/,357,0,0
1667103303737,542,Request1-1,200,OK,Thread Group 1-6,text,true,,17497,119,8,8,https://www.google.com/,524,0,0
1667103303355,925,Request1,200,OK,Thread Group 1-2,text,true,,18128,234,8,8,https://www.google.com/,404,0,0
1667103303355,404,Request1-0,301,Moved Permanently,Thread Group 1-2,text,true,,703,115,8,8,https://google.com/,404,0,0
1667103303759,521,Request1-1,200,OK,Thread Group 1-2,text,true,,17425,119,8,8,https://www.google.com/,507,0,0
1667103303759,851,Request1,200,OK,Thread Group 1-5,text,true,,18172,234,8,8,https://www.google.com/,345,0,0
1667103303759,345,Request1-0,301,Moved Permanently,Thread Group 1-5,text,true,,703,115,8,8,https://google.com/,345,0,0
1667103304104,506,Request1-1,200,OK,Thread Group 1-5,text,true,,17469,119,8,8,https://www.google.com/,495,0,0
1667103303968,864,Request1,200,OK,Thread Group 1-1,text,true,,18197,234,8,8,https://www.google.com/,346,0,0
1667103303968,346,Request1-0,301,Moved Permanently,Thread Group 1-1,text,true,,703,115,8,8,https://google.com/,346,0,0
1667103304315,517,Request1-1,200,OK,Thread Group 1-1,text,true,,17494,119,8,8,https://www.google.com/,504,0,0
1667103303969,865,Request1,200,OK,Thread Group 1-3,text,true,,18117,234,8,8,https://www.google.com/,360,0,0
1667103303969,360,Request1-0,301,Moved Permanently,Thread Group 1-3,text,true,,703,115,8,8,https://google.com/,360,0,0
1667103304329,505,Request1-1,200,OK,Thread Group 1-3,text,true,,17414,119,8,8,https://www.google.com/,500,0,0
1667103304280,858,Request1,200,OK,Thread Group 1-2,text,true,,18211,234,8,8,https://www.google.com/,353,0,0
1667103304280,353,Request1-0,301,Moved Permanently,Thread Group 1-2,text,true,,703,115,8,8,https://google.com/,353,0,0
1667103304634,504,Request1-1,200,OK,Thread Group 1-2,text,true,,17508,119,8,8,https://www.google.com/,494,0,0
1667103304218,1037,Request1,200,OK,Thread Group 1-8,text,true,,18176,234,9,9,https://www.google.com/,449,0,105
1667103304218,449,Request1-0,301,Moved Permanently,Thread Group 1-8,text,true,,703,115,9,9,https://google.com/,449,0,105
1667103304668,587,Request1-1,200,OK,Thread Group 1-8,text,true,,17473,119,9,9,https://www.google.com/,576,0,76
1667103304280,1128,Request1,200,OK,Thread Group 1-6,text,true,,18136,234,9,9,https://www.google.com/,679,0,0
1667103304280,679,Request1-0,301,Moved Permanently,Thread Group 1-6,text,true,,703,115,9,9,https://google.com/,679,0,0
1667103304960,448,Request1-1,200,OK,Thread Group 1-6,text,true,,17433,119,9,9,https://www.google.com/,432,0,0
1667103304181,1315,Request1,200,OK,Thread Group 1-4,text,true,,18213,234,9,9,https://www.google.com/,806,0,0
1667103304181,806,Request1-0,301,Moved Permanently,Thread Group 1-4,text,true,,703,115,9,9,https://google.com/,806,0,0
1667103304987,509,Request1-1,200,OK,Thread Group 1-4,text,true,,17510,119,9,9,https://www.google.com/,498,0,0
1667103304834,805,Request1,200,OK,Thread Group 1-1,text,true,,18174,234,9,9,https://www.google.com/,357,0,0
1667103304834,357,Request1-0,301,Moved Permanently,Thread Group 1-1,text,true,,703,115,9,9,https://google.com/,357,0,0
1667103305191,448,Request1-1,200,OK,Thread Group 1-1,text,true,,17471,119,9,9,https://www.google.com/,444,0,0
1667103304260,1505,Request1,200,OK,Thread Group 1-7,text,true,,18227,234,9,9,https://www.google.com/,992,0,0
1667103304260,992,Request1-0,301,Moved Permanently,Thread Group 1-7,text,true,,703,115,9,9,https://google.com/,992,0,0
1667103305253,512,Request1-1,200,OK,Thread Group 1-7,text,true,,17524,119,9,9,https://www.google.com/,501,0,0
1667103305209,1033,Request1,200,OK,Thread Group 1-9,text,true,,18140,234,10,10,https://www.google.com/,439,0,91
1667103305209,439,Request1-0,301,Moved Permanently,Thread Group 1-9,text,true,,703,115,10,10,https://google.com/,439,0,91
1667103305650,592,Request1-1,200,OK,Thread Group 1-9,text,true,,17437,119,10,10,https://www.google.com/,582,0,77
1667103305408,867,Request1,200,OK,Thread Group 1-6,text,true,,18170,234,10,10,https://www.google.com/,351,0,0
1667103305408,351,Request1-0,301,Moved Permanently,Thread Group 1-6,text,true,,703,115,10,10,https://google.com/,351,0,0
1667103305759,516,Request1-1,200,OK,Thread Group 1-6,text,true,,17467,119,10,10,https://www.google.com/,501,0,0
1667103304612,1692,Request1,200,OK,Thread Group 1-5,text,true,,18217,234,10,10,https://www.google.com/,1179,0,0
1667103304612,1179,Request1-0,301,Moved Permanently,Thread Group 1-5,text,true,,703,115,10,10,https://google.com/,1179,0,0
1667103305791,513,Request1-1,200,OK,Thread Group 1-5,text,true,,17514,119,10,10,https://www.google.com/,507,0,0
1667103305255,1192,Request1,200,OK,Thread Group 1-8,text,true,,18141,234,10,10,https://www.google.com/,681,0,0
1667103305255,681,Request1-0,301,Moved Permanently,Thread Group 1-8,text,true,,703,115,10,10,https://google.com/,681,0,0
1667103305936,511,Request1-1,200,OK,Thread Group 1-8,text,true,,17438,119,10,10,https://www.google.com/,497,0,0
1667103304835,1630,Request1,200,OK,Thread Group 1-3,text,true,,18159,234,10,10,https://www.google.com/,1133,0,0
1667103304835,1133,Request1-0,301,Moved Permanently,Thread Group 1-3,text,true,,703,115,10,10,https://google.com/,1133,0,0
1667103305968,497,Request1-1,200,OK,Thread Group 1-3,text,true,,17456,119,10,10,https://www.google.com/,487,0,0
1667103305640,854,Request1,200,OK,Thread Group 1-1,text,true,,18174,234,10,10,https://www.google.com/,356,0,0
1667103305640,356,Request1-0,301,Moved Permanently,Thread Group 1-1,text,true,,703,115,10,10,https://google.com/,356,0,0
1667103305996,498,Request1-1,200,OK,Thread Group 1-1,text,true,,17471,119,10,10,https://www.google.com/,483,0,0
1667103305497,1189,Request1,200,OK,Thread Group 1-4,text,true,,18168,234,10,10,https://www.google.com/,684,0,0
1667103305497,685,Request1-0,301,Moved Permanently,Thread Group 1-4,text,true,,703,115,10,10,https://google.com/,684,0,0
1667103306182,504,Request1-1,200,OK,Thread Group 1-4,text,true,,17465,119,10,10,https://www.google.com/,497,0,0
1667103305765,1010,Request1,200,OK,Thread Group 1-7,text,true,,18211,234,10,10,https://www.google.com/,540,0,0
1667103305765,540,Request1-0,301,Moved Permanently,Thread Group 1-7,text,true,,703,115,10,10,https://google.com/,540,0,0
1667103306306,469,Request1-1,200,OK,Thread Group 1-7,text,true,,17508,119,10,10,https://www.google.com/,449,0,0
1667103305139,1659,Request1,200,OK,Thread Group 1-2,text,true,,18236,234,10,10,https://www.google.com/,1149,0,0
1667103305139,1149,Request1-0,301,Moved Permanently,Thread Group 1-2,text,true,,703,115,10,10,https://google.com/,1149,0,0
1667103306288,510,Request1-1,200,OK,Thread Group 1-2,text,true,,17533,119,10,10,https://www.google.com/,496,0,0
1667103306243,849,Request1,200,OK,Thread Group 1-9,text,true,,18237,234,10,10,https://www.google.com/,349,0,0
1667103306243,349,Request1-0,301,Moved Permanently,Thread Group 1-9,text,true,,703,115,10,10,https://google.com/,349,0,0
1667103306594,498,Request1-1,200,OK,Thread Group 1-9,text,true,,17534,119,10,10,https://www.google.com/,487,0,0
1667103306306,863,Request1,200,OK,Thread Group 1-5,text,true,,18169,234,10,10,https://www.google.com/,346,0,0
1667103306306,346,Request1-0,301,Moved Permanently,Thread Group 1-5,text,true,,703,115,10,10,https://google.com/,346,0,0
1667103306652,517,Request1-1,200,OK,Thread Group 1-5,text,true,,17466,119,10,10,https://www.google.com/,511,0,0
1667103306210,995,Request1,200,OK,Thread Group 1-10,text,true,,18151,234,10,10,https://www.google.com/,449,0,95
1667103306210,449,Request1-0,301,Moved Permanently,Thread Group 1-10,text,true,,703,115,10,10,https://google.com/,449,0,95
1667103306660,545,Request1-1,200,OK,Thread Group 1-10,text,true,,17448,119,10,10,https://www.google.com/,541,0,80
1667103306449,862,Request1,200,OK,Thread Group 1-8,text,true,,18181,234,10,10,https://www.google.com/,350,0,0
1667103306449,350,Request1-0,301,Moved Permanently,Thread Group 1-8,text,true,,703,115,10,10,https://google.com/,350,0,0
1667103306799,512,Request1-1,200,OK,Thread Group 1-8,text,true,,17478,119,10,10,https://www.google.com/,502,0,0
1667103306466,916,Request1,200,OK,Thread Group 1-3,text,true,,18228,234,10,10,https://www.google.com/,407,0,0
1667103306466,407,Request1-0,301,Moved Permanently,Thread Group 1-3,text,true,,703,115,10,10,https://google.com/,407,0,0
1667103306873,509,Request1-1,200,OK,Thread Group 1-3,text,true,,17525,119,10,10,https://www.google.com/,497,0,0
1667103306496,895,Request1,200,OK,Thread Group 1-1,text,true,,18171,234,10,10,https://www.google.com/,374,0,0
1667103306496,374,Request1-0,301,Moved Permanently,Thread Group 1-1,text,true,,703,115,10,10,https://google.com/,374,0,0
1667103306870,521,Request1-1,200,OK,Thread Group 1-1,text,true,,17468,119,10,10,https://www.google.com/,510,0,0
1667103306688,852,Request1,200,OK,Thread Group 1-4,text,true,,18154,234,10,10,https://www.google.com/,349,0,0
1667103306688,349,Request1-0,301,Moved Permanently,Thread Group 1-4,text,true,,703,115,10,10,https://google.com/,349,0,0
1667103307037,503,Request1-1,200,OK,Thread Group 1-4,text,true,,17451,119,10,10,https://www.google.com/,498,0,0
1667103306800,872,Request1,200,OK,Thread Group 1-2,text,true,,18158,234,10,10,https://www.google.com/,365,0,0
1667103306800,365,Request1-0,301,Moved Permanently,Thread Group 1-2,text,true,,703,115,10,10,https://google.com/,365,0,0
1667103307165,507,Request1-1,200,OK,Thread Group 1-2,text,true,,17455,119,10,10,https://www.google.com/,497,0,0
1667103306277,1632,Request1,200,OK,Thread Group 1-6,text,true,,18254,234,10,10,https://www.google.com/,1119,0,0
1667103306277,1119,Request1-0,301,Moved Permanently,Thread Group 1-6,text,true,,703,115,10,10,https://google.com/,1119,0,0
1667103307397,512,Request1-1,200,OK,Thread Group 1-6,text,true,,17551,119,10,10,https://www.google.com/,500,0,0
1667103306775,1182,Request1,200,OK,Thread Group 1-7,text,true,,18199,234,10,10,https://www.google.com/,675,0,0
1667103306775,675,Request1-0,301,Moved Permanently,Thread Group 1-7,text,true,,703,115,10,10,https://google.com/,675,0,0
1667103307450,507,Request1-1,200,OK,Thread Group 1-7,text,true,,17496,119,10,10,https://www.google.com/,500,0,0
1667103307392,820,Request1,200,OK,Thread Group 1-1,text,true,,18229,234,10,10,https://www.google.com/,356,0,0
1667103307392,356,Request1-0,301,Moved Permanently,Thread Group 1-1,text,true,,703,115,10,10,https://google.com/,356,0,0
1667103307748,464,Request1-1,200,OK,Thread Group 1-1,text,true,,17526,119,10,10,https://www.google.com/,454,0,0
1667103307383,877,Request1,200,OK,Thread Group 1-3,text,true,,18169,234,10,10,https://www.google.com/,356,0,0
1667103307383,356,Request1-0,301,Moved Permanently,Thread Group 1-3,text,true,,703,115,10,10,https://google.com/,356,0,0
1667103307740,520,Request1-1,200,OK,Thread Group 1-3,text,true,,17466,119,10,10,https://www.google.com/,510,0,0
1667103307312,1217,Request1,200,OK,Thread Group 1-8,text,true,,18178,234,10,10,https://www.google.com/,687,0,0
1667103307312,687,Request1-0,301,Moved Permanently,Thread Group 1-8,text,true,,703,115,10,10,https://google.com/,687,0,0
1667103307999,530,Request1-1,200,OK,Thread Group 1-8,text,true,,17475,119,10,10,https://www.google.com/,516,0,0
1667103307092,1681,Request1,200,OK,Thread Group 1-9,text,true,,18181,234,10,10,https://www.google.com/,1162,0,0
1667103307092,1162,Request1-0,301,Moved Permanently,Thread Group 1-9,text,true,,703,115,10,10,https://google.com/,1162,0,0
1667103308254,519,Request1-1,200,OK,Thread Group 1-9,text,true,,17478,119,10,10,https://www.google.com/,508,0,0
1667103307910,882,Request1,200,OK,Thread Group 1-6,text,true,,18232,234,10,10,https://www.google.com/,365,0,0
1667103307910,365,Request1-0,301,Moved Permanently,Thread Group 1-6,text,true,,703,115,10,10,https://google.com/,365,0,0
1667103308276,516,Request1-1,200,OK,Thread Group 1-6,text,true,,17529,119,10,10,https://www.google.com/,504,0,0
1667103307172,1654,Request1,200,OK,Thread Group 1-5,text,true,,18166,234,10,10,https://www.google.com/,1145,0,0
1667103307172,1145,Request1-0,301,Moved Permanently,Thread Group 1-5,text,true,,703,115,10,10,https://google.com/,1145,0,0
1667103308318,508,Request1-1,200,OK,Thread Group 1-5,text,true,,17463,119,10,10,https://www.google.com/,497,0,0
1667103307673,1194,Request1,200,OK,Thread Group 1-2,text,true,,18175,234,10,10,https://www.google.com/,688,0,0
1667103307673,688,Request1-0,301,Moved Permanently,Thread Group 1-2,text,true,,703,115,10,10,https://google.com/,688,0,0
1667103308361,506,Request1-1,200,OK,Thread Group 1-2,text,true,,17472,119,10,10,https://www.google.com/,493,0,0
1667103307206,1669,Request1,200,OK,Thread Group 1-10,text,true,,18196,234,10,10,https://www.google.com/,694,0,0
1667103307206,694,Request1-0,301,Moved Permanently,Thread Group 1-10,text,true,,703,115,10,10,https://google.com/,694,0,0
1667103307901,974,Request1-1,200,OK,Thread Group 1-10,text,true,,17493,119,10,10,https://www.google.com/,966,0,0
1667103308214,859,Request1,200,OK,Thread Group 1-1,text,true,,18182,234,10,10,https://www.google.com/,345,0,0
1667103308214,345,Request1-0,301,Moved Permanently,Thread Group 1-1,text,true,,703,115,10,10,https://google.com/,345,0,0
1667103308559,514,Request1-1,200,OK,Thread Group 1-1,text,true,,17479,119,10,10,https://www.google.com/,498,0,0
1667103307958,1238,Request1,200,OK,Thread Group 1-7,text,true,,18156,234,10,10,https://www.google.com/,728,0,0
1667103307958,728,Request1-0,301,Moved Permanently,Thread Group 1-7,text,true,,703,115,10,10,https://google.com/,728,0,0
1667103308687,509,Request1-1,200,OK,Thread Group 1-7,text,true,,17453,119,10,10,https://www.google.com/,504,0,0
1667103307543,1669,Request1,200,OK,Thread Group 1-4,text,true,,18196,234,10,10,https://www.google.com/,1165,0,0
1667103307543,1165,Request1-0,301,Moved Permanently,Thread Group 1-4,text,true,,703,115,10,10,https://google.com/,1165,0,0
1667103308708,504,Request1-1,200,OK,Thread Group 1-4,text,true,,17493,119,10,10,https://www.google.com/,493,0,0
1667103308530,859,Request1,200,OK,Thread Group 1-8,text,true,,18118,234,10,10,https://www.google.com/,343,0,0
1667103308530,343,Request1-0,301,Moved Permanently,Thread Group 1-8,text,true,,703,115,10,10,https://google.com/,343,0,0
1667103308873,516,Request1-1,200,OK,Thread Group 1-8,text,true,,17415,119,10,10,https://www.google.com/,503,0,0
1667103308774,863,Request1,200,OK,Thread Group 1-9,text,true,,18230,234,10,10,https://www.google.com/,342,0,0
1667103308774,342,Request1-0,301,Moved Permanently,Thread Group 1-9,text,true,,703,115,10,10,https://google.com/,342,0,0
1667103309117,520,Request1-1,200,OK,Thread Group 1-9,text,true,,17527,119,10,10,https://www.google.com/,509,0,0
1667103308827,861,Request1,200,OK,Thread Group 1-5,text,true,,18154,234,10,10,https://www.google.com/,350,0,0
1667103308827,350,Request1-0,301,Moved Permanently,Thread Group 1-5,text,true,,703,115,10,10,https://google.com/,350,0,0
1667103309177,511,Request1-1,200,OK,Thread Group 1-5,text,true,,17451,119,10,10,https://www.google.com/,506,0,0
1667103308868,865,Request1,200,OK,Thread Group 1-2,text,true,,18226,234,10,10,https://www.google.com/,355,0,0
1667103308868,355,Request1-0,301,Moved Permanently,Thread Group 1-2,text,true,,703,115,10,10,https://google.com/,355,0,0
1667103309224,509,Request1-1,200,OK,Thread Group 1-2,text,true,,17523,119,10,10,https://www.google.com/,497,0,0
1667103308261,1607,Request1,200,OK,Thread Group 1-3,text,true,,18098,234,10,10,https://www.google.com/,1089,0,0
1667103308261,1089,Request1-0,301,Moved Permanently,Thread Group 1-3,text,true,,703,115,10,10,https://google.com/,1089,0,0
1667103309350,518,Request1-1,200,OK,Thread Group 1-3,text,true,,17395,119,10,10,https://www.google.com/,514,0,0
1667103308875,1151,Request1,200,OK,Thread Group 1-10,text,true,,18198,234,10,10,https://www.google.com/,351,0,0
1667103308875,351,Request1-0,301,Moved Permanently,Thread Group 1-10,text,true,,703,115,10,10,https://google.com/,351,0,0
1667103309227,799,Request1-1,200,OK,Thread Group 1-10,text,true,,17495,119,10,10,https://www.google.com/,788,0,0
1667103309212,855,Request1,200,OK,Thread Group 1-4,text,true,,18190,234,10,10,https://www.google.com/,338,0,0
1667103309212,338,Request1-0,301,Moved Permanently,Thread Group 1-4,text,true,,703,115,10,10,https://google.com/,338,0,0
1667103309550,517,Request1-1,200,OK,Thread Group 1-4,text,true,,17487,119,10,10,https://www.google.com/,505,0,0
1667103309074,998,Request1,200,OK,Thread Group 1-1,text,true,,18173,234,10,10,https://www.google.com/,353,0,0
1667103309074,353,Request1-0,301,Moved Permanently,Thread Group 1-1,text,true,,703,115,10,10,https://google.com/,353,0,0
1667103309427,645,Request1-1,200,OK,Thread Group 1-1,text,true,,17470,119,10,10,https://www.google.com/,641,0,0
1667103308793,1374,Request1,200,OK,Thread Group 1-6,text,true,,18163,234,10,10,https://www.google.com/,857,0,0
1667103308793,857,Request1-0,301,Moved Permanently,Thread Group 1-6,text,true,,703,115,10,10,https://google.com/,857,0,0
1667103309650,517,Request1-1,200,OK,Thread Group 1-6,text,true,,17460,119,10,10,https://www.google.com/,512,0,0
1667103309638,878,Request1,200,OK,Thread Group 1-9,text,true,,18155,234,10,10,https://www.google.com/,358,0,0
1667103309638,358,Request1-0,301,Moved Permanently,Thread Group 1-9,text,true,,703,115,10,10,https://google.com/,358,0,0
1667103309996,520,Request1-1,200,OK,Thread Group 1-9,text,true,,17452,119,10,10,https://www.google.com/,509,0,0
1667103309869,944,Request1,200,OK,Thread Group 1-3,text,true,,18174,234,10,10,https://www.google.com/,417,0,0
1667103309869,417,Request1-0,301,Moved Permanently,Thread Group 1-3,text,true,,703,115,10,10,https://google.com/,417,0,0
1667103310286,527,Request1-1,200,OK,Thread Group 1-3,text,true,,17471,119,10,10,https://www.google.com/,508,0,0
1667103309390,1615,Request1,200,OK,Thread Group 1-8,text,true,,18279,234,10,10,https://www.google.com/,1139,0,0
1667103309197,1808,Request1,200,OK,Thread Group 1-7,text,true,,18248,234,10,10,https://www.google.com/,1284,0,0
1667103309197,1284,Request1-0,301,Moved Permanently,Thread Group 1-7,text,true,,703,115,10,10,https://google.com/,1284,0,0
1667103309390,1139,Request1-0,301,Moved Permanently,Thread Group 1-8,text,true,,703,115,10,10,https://google.com/,1139,0,0
1667103310481,524,Request1-1,200,OK,Thread Group 1-7,text,true,,17545,119,10,10,https://www.google.com/,500,0,0
1667103310529,476,Request1-1,200,OK,Thread Group 1-8,text,true,,17576,119,10,10,https://www.google.com/,448,0,0
1667103310067,1178,Request1,200,OK,Thread Group 1-4,text,true,,18175,234,10,10,https://www.google.com/,688,0,0
1667103310067,688,Request1-0,301,Moved Permanently,Thread Group 1-4,text,true,,703,115,10,10,https://google.com/,688,0,0
1667103310755,490,Request1-1,200,OK,Thread Group 1-4,text,true,,17472,119,10,10,https://www.google.com/,480,0,0
1667103310168,1164,Request1,200,OK,Thread Group 1-6,text,true,,18216,234,10,10,https://www.google.com/,633,0,0
1667103310168,633,Request1-0,301,Moved Permanently,Thread Group 1-6,text,true,,703,115,10,10,https://google.com/,633,0,0
1667103310802,530,Request1-1,200,OK,Thread Group 1-6,text,true,,17513,119,10,10,https://www.google.com/,520,0,0
1667103309734,1665,Request1,200,OK,Thread Group 1-2,text,true,,18220,234,10,10,https://www.google.com/,1148,0,0
1667103309734,1148,Request1-0,301,Moved Permanently,Thread Group 1-2,text,true,,703,115,10,10,https://google.com/,1148,0,0
1667103310882,517,Request1-1,200,OK,Thread Group 1-2,text,true,,17517,119,10,10,https://www.google.com/,508,0,0
1667103310073,1468,Request1,200,OK,Thread Group 1-1,text,true,,18183,234,10,10,https://www.google.com/,986,0,0
1667103310073,986,Request1-0,301,Moved Permanently,Thread Group 1-1,text,true,,703,115,10,10,https://google.com/,986,0,0
1667103311059,482,Request1-1,200,OK,Thread Group 1-1,text,true,,17480,119,10,10,https://www.google.com/,471,0,0
1667103309688,1957,Request1,200,OK,Thread Group 1-5,text,true,,18129,234,10,10,https://www.google.com/,1157,0,0
1667103309688,1157,Request1-0,301,Moved Permanently,Thread Group 1-5,text,true,,703,115,10,10,https://google.com/,1157,0,0
1667103310846,799,Request1-1,200,OK,Thread Group 1-5,text,true,,17426,119,10,10,https://www.google.com/,789,0,0
1667103310814,840,Request1,200,OK,Thread Group 1-3,text,true,,18133,234,10,10,https://www.google.com/,350,0,0
1667103310814,350,Request1-0,301,Moved Permanently,Thread Group 1-3,text,true,,703,115,10,10,https://google.com/,350,0,0
1667103311164,490,Request1-1,200,OK,Thread Group 1-3,text,true,,17430,119,10,10,https://www.google.com/,486,0,0
1667103310517,1199,Request1,200,OK,Thread Group 1-9,text,true,,18196,234,10,10,https://www.google.com/,689,0,0
1667103310517,689,Request1-0,301,Moved Permanently,Thread Group 1-9,text,true,,703,115,10,10,https://google.com/,689,0,0
1667103311206,510,Request1-1,200,OK,Thread Group 1-9,text,true,,17493,119,10,10,https://www.google.com/,499,0,0
1667103310027,1709,Request1,200,OK,Thread Group 1-10,text,true,,18200,234,10,10,https://www.google.com/,672,0,0
1667103310027,672,Request1-0,301,Moved Permanently,Thread Group 1-10,text,true,,703,115,10,10,https://google.com/,672,0,0
1667103310699,1037,Request1-1,200,OK,Thread Group 1-10,text,true,,17497,119,10,10,https://www.google.com/,1034,0,0
1667103311035,884,Request1,200,OK,Thread Group 1-8,text,true,,18190,234,10,10,https://www.google.com/,375,0,0
1667103311035,375,Request1-0,301,Moved Permanently,Thread Group 1-8,text,true,,703,115,10,10,https://google.com/,375,0,0
1667103311410,509,Request1-1,200,OK,Thread Group 1-8,text,true,,17487,119,10,10,https://www.google.com/,500,0,0
1667103311246,851,Request1,200,OK,Thread Group 1-4,text,true,,18179,234,10,10,https://www.google.com/,345,0,0
1667103311246,345,Request1-0,301,Moved Permanently,Thread Group 1-4,text,true,,703,115,10,10,https://google.com/,345,0,0
1667103311591,506,Request1-1,200,OK,Thread Group 1-4,text,true,,17476,119,10,10,https://www.google.com/,495,0,0
1667103311400,860,Request1,200,OK,Thread Group 1-2,text,true,,18141,234,10,10,https://www.google.com/,344,0,0
1667103311400,344,Request1-0,301,Moved Permanently,Thread Group 1-2,text,true,,703,115,10,10,https://google.com/,344,0,0
1667103311744,516,Request1-1,200,OK,Thread Group 1-2,text,true,,17438,119,10,10,https://www.google.com/,506,0,0
1667103311654,871,Request1,200,OK,Thread Group 1-3,text,true,,18172,234,10,10,https://www.google.com/,353,0,0
1667103311654,353,Request1-0,301,Moved Permanently,Thread Group 1-3,text,true,,703,115,10,10,https://google.com/,353,0,0
1667103312008,517,Request1-1,200,OK,Thread Group 1-3,text,true,,17469,119,10,10,https://www.google.com/,506,0,0
1667103311549,1031,Request1,200,OK,Thread Group 1-1,text,true,,18214,234,10,10,https://www.google.com/,515,0,0
1667103311549,515,Request1-0,301,Moved Permanently,Thread Group 1-1,text,true,,703,115,10,10,https://google.com/,515,0,0
1667103312064,516,Request1-1,200,OK,Thread Group 1-1,text,true,,17511,119,10,10,https://www.google.com/,501,0,0
1667103311035,1635,Request1,200,OK,Thread Group 1-7,text,true,,18144,234,10,10,https://www.google.com/,1208,0,0
1667103311035,1208,Request1-0,301,Moved Permanently,Thread Group 1-7,text,true,,703,115,10,10,https://google.com/,1208,0,0
1667103312244,426,Request1-1,200,OK,Thread Group 1-7,text,true,,17441,119,10,10,https://www.google.com/,419,0,0
1667103311335,1339,Request1,200,OK,Thread Group 1-6,text,true,,18172,234,10,10,https://www.google.com/,825,0,0
1667103311335,825,Request1-0,301,Moved Permanently,Thread Group 1-6,text,true,,703,115,10,10,https://google.com/,825,0,0
1667103312160,514,Request1-1,200,OK,Thread Group 1-6,text,true,,17469,119,10,10,https://www.google.com/,506,0,0
1667103311646,1197,Request1,200,OK,Thread Group 1-5,text,true,,18188,234,10,10,https://www.google.com/,349,0,0
1667103311646,349,Request1-0,301,Moved Permanently,Thread Group 1-5,text,true,,703,115,10,10,https://google.com/,349,0,0
1667103311995,848,Request1-1,200,OK,Thread Group 1-5,text,true,,17485,119,10,10,https://www.google.com/,836,0,0
1667103311717,1184,Request1,200,OK,Thread Group 1-9,text,true,,18167,234,10,10,https://www.google.com/,672,0,0
1667103311717,672,Request1-0,301,Moved Permanently,Thread Group 1-9,text,true,,703,115,10,10,https://google.com/,672,0,0
1667103312390,511,Request1-1,200,OK,Thread Group 1-9,text,true,,17464,119,10,10,https://www.google.com/,500,0,0
1667103311920,1541,Request1,200,OK,Thread Group 1-8,text,true,,18204,234,10,10,https://www.google.com/,1094,0,0
1667103311920,1094,Request1-0,301,Moved Permanently,Thread Group 1-8,text,true,,703,115,10,10,https://google.com/,1094,0,0
1667103313015,446,Request1-1,200,OK,Thread Group 1-8,text,true,,17501,119,10,10,https://www.google.com/,433,0,0
1667103312261,1205,Request1,200,OK,Thread Group 1-2,text,true,,18203,234,10,10,https://www.google.com/,690,0,0
1667103312261,690,Request1-0,301,Moved Permanently,Thread Group 1-2,text,true,,703,115,10,10,https://google.com/,690,0,0
1667103312951,515,Request1-1,200,OK,Thread Group 1-2,text,true,,17500,119,10,10,https://www.google.com/,502,0,0
1667103312097,1580,Request1,200,OK,Thread Group 1-4,text,true,,18135,234,10,10,https://www.google.com/,1142,0,0
1667103312097,1142,Request1-0,301,Moved Permanently,Thread Group 1-4,text,true,,703,115,10,10,https://google.com/,1142,0,0
1667103313239,438,Request1-1,200,OK,Thread Group 1-4,text,true,,17432,119,10,10,https://www.google.com/,425,0,0
1667103312902,836,Request1,200,OK,Thread Group 1-9,text,true,,18091,234,10,10,https://www.google.com/,350,0,0
1667103312902,350,Request1-0,301,Moved Permanently,Thread Group 1-9,text,true,,703,115,10,10,https://google.com/,350,0,0
1667103313252,486,Request1-1,200,OK,Thread Group 1-9,text,true,,17388,119,10,10,https://www.google.com/,481,0,0
1667103312675,1187,Request1,200,OK,Thread Group 1-6,text,true,,18197,234,10,10,https://www.google.com/,677,0,0
1667103312675,677,Request1-0,301,Moved Permanently,Thread Group 1-6,text,true,,703,115,10,10,https://google.com/,677,0,0
1667103313352,510,Request1-1,200,OK,Thread Group 1-6,text,true,,17494,119,10,10,https://www.google.com/,499,0,0
1667103312671,1202,Request1,200,OK,Thread Group 1-7,text,true,,18197,234,10,10,https://www.google.com/,351,0,0
1667103312671,351,Request1-0,301,Moved Permanently,Thread Group 1-7,text,true,,703,115,10,10,https://google.com/,351,0,0
1667103313022,851,Request1-1,200,OK,Thread Group 1-7,text,true,,17494,119,10,10,https://www.google.com/,842,0,0
1667103311737,2183,Request1,200,OK,Thread Group 1-10,text,true,,18246,234,10,10,https://www.google.com/,1702,0,0
1667103311737,1702,Request1-0,301,Moved Permanently,Thread Group 1-10,text,true,,703,115,10,10,https://google.com/,1702,0,0
1667103313439,481,Request1-1,200,OK,Thread Group 1-10,text,true,,17543,119,10,10,https://www.google.com/,470,0,0
1667103312844,1180,Request1,200,OK,Thread Group 1-5,text,true,,18127,234,10,10,https://www.google.com/,690,0,0
1667103312844,690,Request1-0,301,Moved Permanently,Thread Group 1-5,text,true,,703,115,10,10,https://google.com/,690,0,0
1667103313534,490,Request1-1,200,OK,Thread Group 1-5,text,true,,17424,119,10,10,https://www.google.com/,478,0,0
1667103312580,1469,Request1,200,OK,Thread Group 1-1,text,true,,18207,234,10,10,https://www.google.com/,975,0,0
1667103312580,975,Request1-0,301,Moved Permanently,Thread Group 1-1,text,true,,703,115,10,10,https://google.com/,975,0,0
1667103313555,494,Request1-1,200,OK,Thread Group 1-1,text,true,,17504,119,10,10,https://www.google.com/,484,0,0
1667103313468,861,Request1,200,OK,Thread Group 1-2,text,true,,18177,234,10,10,https://www.google.com/,353,0,0
1667103313468,353,Request1-0,301,Moved Permanently,Thread Group 1-2,text,true,,703,115,10,10,https://google.com/,353,0,0
1667103313821,508,Request1-1,200,OK,Thread Group 1-2,text,true,,17474,119,10,10,https://www.google.com/,499,0,0
1667103312570,1799,Request1,200,OK,Thread Group 1-3,text,true,,18183,234,10,10,https://www.google.com/,1290,0,0
1667103312570,1290,Request1-0,301,Moved Permanently,Thread Group 1-3,text,true,,703,115,10,10,https://google.com/,1290,0,0
1667103313861,508,Request1-1,200,OK,Thread Group 1-3,text,true,,17480,119,10,10,https://www.google.com/,501,0,0
1667103313462,983,Request1,200,OK,Thread Group 1-8,text,true,,18226,234,10,10,https://www.google.com/,478,0,0
1667103313462,478,Request1-0,301,Moved Permanently,Thread Group 1-8,text,true,,703,115,10,10,https://google.com/,478,0,0
1667103313940,505,Request1-1,200,OK,Thread Group 1-8,text,true,,17523,119,10,10,https://www.google.com/,494,0,0
1667103313677,891,Request1,200,OK,Thread Group 1-4,text,true,,18173,234,10,10,https://www.google.com/,429,0,0
1667103313677,429,Request1-0,301,Moved Permanently,Thread Group 1-4,text,true,,703,115,10,10,https://google.com/,429,0,0
1667103314106,462,Request1-1,200,OK,Thread Group 1-4,text,true,,17470,119,10,10,https://www.google.com/,457,0,0
1667103313874,845,Request1,200,OK,Thread Group 1-7,text,true,,18160,234,10,10,https://www.google.com/,362,0,0
1667103313874,362,Request1-0,301,Moved Permanently,Thread Group 1-7,text,true,,703,115,10,10,https://google.com/,362,0,0
1667103314236,483,Request1-1,200,OK,Thread Group 1-7,text,true,,17457,119,10,10,https://www.google.com/,472,0,0
1667103313863,870,Request1,200,OK,Thread Group 1-6,text,true,,18200,234,10,10,https://www.google.com/,352,0,0
1667103313863,352,Request1-0,301,Moved Permanently,Thread Group 1-6,text,true,,703,115,10,10,https://google.com/,352,0,0
1667103314215,518,Request1-1,200,OK,Thread Group 1-6,text,true,,17497,119,10,10,https://www.google.com/,506,0,0
1667103314025,831,Request1,200,OK,Thread Group 1-5,text,true,,18205,234,10,10,https://www.google.com/,341,0,0
1667103314025,342,Request1-0,301,Moved Permanently,Thread Group 1-5,text,true,,703,115,10,10,https://google.com/,341,0,0
1667103314367,489,Request1-1,200,OK,Thread Group 1-5,text,true,,17502,119,10,10,https://www.google.com/,481,0,0
1667103314330,846,Request1,200,OK,Thread Group 1-2,text,true,,18201,234,10,10,https://www.google.com/,339,0,0
1667103314330,339,Request1-0,301,Moved Permanently,Thread Group 1-2,text,true,,703,115,10,10,https://google.com/,339,0,0
1667103314669,507,Request1-1,200,OK,Thread Group 1-2,text,true,,17498,119,10,10,https://www.google.com/,495,0,0
1667103314369,856,Request1,200,OK,Thread Group 1-3,text,true,,18182,234,10,10,https://www.google.com/,337,0,0
1667103314369,337,Request1-0,301,Moved Permanently,Thread Group 1-3,text,true,,703,115,10,10,https://google.com/,337,0,0
1667103314706,519,Request1-1,200,OK,Thread Group 1-3,text,true,,17479,119,10,10,https://www.google.com/,507,0,0
1667103314050,1229,Request1,200,OK,Thread Group 1-1,text,true,,18174,234,10,10,https://www.google.com/,429,0,0
1667103314050,429,Request1-0,301,Moved Permanently,Thread Group 1-1,text,true,,703,115,10,10,https://google.com/,429,0,0
1667103314480,799,Request1-1,200,OK,Thread Group 1-1,text,true,,17471,119,10,10,https://www.google.com/,785,0,0
1667103313738,1687,Request1,200,OK,Thread Group 1-9,text,true,,18173,234,10,10,https://www.google.com/,1178,0,0
1667103313738,1178,Request1-0,301,Moved Permanently,Thread Group 1-9,text,true,,703,115,10,10,https://google.com/,1178,0,0
1667103314916,509,Request1-1,200,OK,Thread Group 1-9,text,true,,17470,119,10,10,https://www.google.com/,497,0,0
1667103314734,852,Request1,200,OK,Thread Group 1-6,text,true,,18142,234,10,10,https://www.google.com/,355,0,0
1667103314734,355,Request1-0,301,Moved Permanently,Thread Group 1-6,text,true,,703,115,10,10,https://google.com/,355,0,0
1667103315089,497,Request1-1,200,OK,Thread Group 1-6,text,true,,17439,119,10,10,https://www.google.com/,493,0,0
1667103313920,1666,Request1,200,OK,Thread Group 1-10,text,true,,18205,234,10,10,https://www.google.com/,354,0,0
1667103313920,354,Request1-0,301,Moved Permanently,Thread Group 1-10,text,true,,703,115,10,10,https://google.com/,354,0,0
1667103314274,1312,Request1-1,200,OK,Thread Group 1-10,text,true,,17502,119,10,10,https://www.google.com/,1300,0,0
1667103314857,951,Request1,200,OK,Thread Group 1-5,text,true,,18154,234,10,10,https://www.google.com/,336,0,0
1667103314857,336,Request1-0,301,Moved Permanently,Thread Group 1-5,text,true,,703,115,10,10,https://google.com/,336,0,0
1667103315194,614,Request1-1,200,OK,Thread Group 1-5,text,true,,17451,119,10,10,https://www.google.com/,600,0,0
1667103314446,1509,Request1,200,OK,Thread Group 1-8,text,true,,18196,234,10,10,https://www.google.com/,994,0,0
1667103314446,994,Request1-0,301,Moved Permanently,Thread Group 1-8,text,true,,703,115,10,10,https://google.com/,994,0,0
1667103315441,514,Request1-1,200,OK,Thread Group 1-8,text,true,,17493,119,10,10,https://www.google.com/,502,0,0
1667103315226,875,Request1,200,OK,Thread Group 1-3,text,true,,18160,234,10,10,https://www.google.com/,355,0,0
1667103315226,355,Request1-0,301,Moved Permanently,Thread Group 1-3,text,true,,703,115,10,10,https://google.com/,355,0,0
1667103315581,520,Request1-1,200,OK,Thread Group 1-3,text,true,,17457,119,10,10,https://www.google.com/,506,0,0
1667103314569,1623,Request1,200,OK,Thread Group 1-4,text,true,,18154,234,10,10,https://www.google.com/,1110,0,0
1667103314569,1110,Request1-0,301,Moved Permanently,Thread Group 1-4,text,true,,703,115,10,10,https://google.com/,1110,0,0
1667103315679,513,Request1-1,200,OK,Thread Group 1-4,text,true,,17451,119,10,10,https://www.google.com/,501,0,0
1667103314720,1566,Request1,200,OK,Thread Group 1-7,text,true,,18101,234,10,10,https://www.google.com/,693,0,0
1667103315426,860,Request1,200,OK,Thread Group 1-9,text,true,,18246,234,10,10,https://www.google.com/,350,0,0
1667103314720,693,Request1-0,301,Moved Permanently,Thread Group 1-7,text,true,,703,115,10,10,https://google.com/,693,0,0
1667103315426,350,Request1-0,301,Moved Permanently,Thread Group 1-9,text,true,,703,115,10,10,https://google.com/,350,0,0
1667103315413,873,Request1-1,200,OK,Thread Group 1-7,text,true,,17398,119,10,10,https://www.google.com/,861,0,0
1667103315777,509,Request1-1,200,OK,Thread Group 1-9,text,true,,17543,119,10,10,https://www.google.com/,496,0,0
1667103315587,842,Request1,200,OK,Thread Group 1-10,text,true,,18130,234,10,10,https://www.google.com/,344,0,0
1667103315587,345,Request1-0,301,Moved Permanently,Thread Group 1-10,text,true,,703,115,10,10,https://google.com/,344,0,0
1667103315932,497,Request1-1,200,OK,Thread Group 1-10,text,true,,17427,119,10,10,https://www.google.com/,487,0,0
1667103315280,1242,Request1,200,OK,Thread Group 1-1,text,true,,18155,234,10,10,https://www.google.com/,763,0,0
1667103315280,763,Request1-0,301,Moved Permanently,Thread Group 1-1,text,true,,703,115,10,10,https://google.com/,763,0,0
1667103316043,479,Request1-1,200,OK,Thread Group 1-1,text,true,,17452,119,10,10,https://www.google.com/,473,0,0
1667103315176,1635,Request1,200,OK,Thread Group 1-2,text,true,,18183,234,10,10,https://www.google.com/,1130,0,0
1667103315176,1130,Request1-0,301,Moved Permanently,Thread Group 1-2,text,true,,703,115,10,10,https://google.com/,1130,0,0
1667103316306,505,Request1-1,200,OK,Thread Group 1-2,text,true,,17480,119,10,10,https://www.google.com/,493,0,0
1667103315955,937,Request1,200,OK,Thread Group 1-8,text,true,,18152,234,10,10,https://www.google.com/,502,0,0
1667103315955,502,Request1-0,301,Moved Permanently,Thread Group 1-8,text,true,,703,115,10,10,https://google.com/,502,0,0
1667103316457,435,Request1-1,200,OK,Thread Group 1-8,text,true,,17449,119,10,10,https://www.google.com/,426,0,0
1667103316193,911,Request1,200,OK,Thread Group 1-4,text,true,,18247,234,10,10,https://www.google.com/,393,0,0
1667103316193,393,Request1-0,301,Moved Permanently,Thread Group 1-4,text,true,,703,115,10,10,https://google.com/,393,0,0
1667103316586,518,Request1-1,200,OK,Thread Group 1-4,text,true,,17544,119,10,10,https://www.google.com/,506,0,0
1667103316286,822,Request1,200,OK,Thread Group 1-7,text,true,,18214,234,10,10,https://www.google.com/,344,0,0
1667103316286,345,Request1-0,301,Moved Permanently,Thread Group 1-7,text,true,,703,115,10,10,https://google.com/,344,0,0
1667103316631,477,Request1-1,200,OK,Thread Group 1-7,text,true,,17511,119,10,10,https://www.google.com/,466,0,0
1667103315586,1662,Request1,200,OK,Thread Group 1-6,text,true,,18187,234,10,10,https://www.google.com/,1153,0,0
1667103315586,1153,Request1-0,301,Moved Permanently,Thread Group 1-6,text,true,,703,115,10,10,https://google.com/,1153,0,0
1667103316739,509,Request1-1,200,OK,Thread Group 1-6,text,true,,17484,119,10,10,https://www.google.com/,497,0,0
1667103316163,1206,Request1,200,OK,Thread Group 1-3,text,true,,18128,234,10,10,https://www.google.com/,694,0,0
1667103316163,694,Request1-0,301,Moved Permanently,Thread Group 1-3,text,true,,703,115,10,10,https://google.com/,694,0,0
1667103316857,512,Request1-1,200,OK,Thread Group 1-3,text,true,,17425,119,10,10,https://www.google.com/,506,0,0
1667103315808,1577,Request1,200,OK,Thread Group 1-5,text,true,,18252,234,10,10,https://www.google.com/,1063,0,0
1667103315808,1063,Request1-0,301,Moved Permanently,Thread Group 1-5,text,true,,703,115,10,10,https://google.com/,1063,0,0
1667103316871,514,Request1-1,200,OK,Thread Group 1-5,text,true,,17549,119,10,10,https://www.google.com/,501,0,0
1667103316812,861,Request1,200,OK,Thread Group 1-2,text,true,,18139,234,10,10,https://www.google.com/,338,0,0
1667103316812,338,Request1-0,301,Moved Permanently,Thread Group 1-2,text,true,,703,115,10,10,https://google.com/,338,0,0
1667103317150,523,Request1-1,200,OK,Thread Group 1-2,text,true,,17436,119,10,10,https://www.google.com/,509,0,0
1667103316522,1190,Request1,200,OK,Thread Group 1-1,text,true,,18198,234,10,10,https://www.google.com/,729,0,0
1667103316522,729,Request1-0,301,Moved Permanently,Thread Group 1-1,text,true,,703,115,10,10,https://google.com/,729,0,0
1667103317251,461,Request1-1,200,OK,Thread Group 1-1,text,true,,17495,119,10,10,https://www.google.com/,447,0,0
1667103316286,1658,Request1,200,OK,Thread Group 1-9,text,true,,18123,234,10,10,https://www.google.com/,1151,0,0
1667103316286,1151,Request1-0,301,Moved Permanently,Thread Group 1-9,text,true,,703,115,10,10,https://google.com/,1151,0,0
1667103317437,507,Request1-1,200,OK,Thread Group 1-9,text,true,,17420,119,10,10,https://www.google.com/,496,0,0
1667103317109,871,Request1,200,OK,Thread Group 1-7,text,true,,18175,234,10,10,https://www.google.com/,357,0,0
1667103317109,357,Request1-0,301,Moved Permanently,Thread Group 1-7,text,true,,703,115,10,10,https://google.com/,357,0,0
1667103317466,514,Request1-1,200,OK,Thread Group 1-7,text,true,,17472,119,10,10,https://www.google.com/,494,0,0
1667103317104,877,Request1,200,OK,Thread Group 1-4,text,true,,18173,234,10,10,https://www.google.com/,361,0,0
1667103317104,361,Request1-0,301,Moved Permanently,Thread Group 1-4,text,true,,703,115,10,10,https://google.com/,361,0,0
1667103317466,515,Request1-1,200,OK,Thread Group 1-4,text,true,,17470,119,10,10,https://www.google.com/,503,0,0
1667103316429,1591,Request1,200,OK,Thread Group 1-10,text,true,,18078,234,10,10,https://www.google.com/,693,0,0
1667103316429,693,Request1-0,301,Moved Permanently,Thread Group 1-10,text,true,,703,115,10,10,https://google.com/,693,0,0
1667103317122,898,Request1-1,200,OK,Thread Group 1-10,text,true,,17375,119,10,10,https://www.google.com/,893,0,0
1667103317248,859,Request1,200,OK,Thread Group 1-6,text,true,,18166,234,10,10,https://www.google.com/,345,0,0
1667103317248,345,Request1-0,301,Moved Permanently,Thread Group 1-6,text,true,,703,115,10,10,https://google.com/,345,0,0
1667103317593,514,Request1-1,200,OK,Thread Group 1-6,text,true,,17463,119,10,10,https://www.google.com/,503,0,0
1667103317370,844,Request1,200,OK,Thread Group 1-3,text,true,,18253,234,10,10,https://www.google.com/,355,0,0
1667103317370,355,Request1-0,301,Moved Permanently,Thread Group 1-3,text,true,,703,115,10,10,https://google.com/,355,0,0
1667103317725,489,Request1-1,200,OK,Thread Group 1-3,text,true,,17550,119,10,10,https://www.google.com/,485,0,0
1667103317386,884,Request1,200,OK,Thread Group 1-5,text,true,,18157,234,10,10,https://www.google.com/,430,0,0
1667103317386,430,Request1-0,301,Moved Permanently,Thread Group 1-5,text,true,,703,115,10,10,https://google.com/,430,0,0
1667103317816,454,Request1-1,200,OK,Thread Group 1-5,text,true,,17454,119,10,10,https://www.google.com/,450,0,0
1667103316893,1569,Request1,200,OK,Thread Group 1-8,text,true,,18161,234,10,10,https://www.google.com/,1055,0,0
1667103316893,1055,Request1-0,301,Moved Permanently,Thread Group 1-8,text,true,,703,115,10,10,https://google.com/,1055,0,0
1667103317948,514,Request1-1,200,OK,Thread Group 1-8,text,true,,17458,119,10,10,https://www.google.com/,503,0,0
1667103317706,841,Request1,200,OK,Thread Group 1-2,text,true,,18219,234,10,10,https://www.google.com/,355,0,0
1667103317706,355,Request1-0,301,Moved Permanently,Thread Group 1-2,text,true,,703,115,10,10,https://google.com/,355,0,0
1667103318061,486,Request1-1,200,OK,Thread Group 1-2,text,true,,17516,119,10,10,https://www.google.com/,467,0,0
1667103317945,853,Request1,200,OK,Thread Group 1-9,text,true,,18212,234,10,10,https://www.google.com/,342,0,0
1667103317945,342,Request1-0,301,Moved Permanently,Thread Group 1-9,text,true,,703,115,10,10,https://google.com/,342,0,0
1667103318287,511,Request1-1,200,OK,Thread Group 1-9,text,true,,17509,119,10,10,https://www.google.com/,498,0,0
1667103317982,860,Request1,200,OK,Thread Group 1-4,text,true,,18187,234,10,10,https://www.google.com/,351,0,0
1667103317982,351,Request1-0,301,Moved Permanently,Thread Group 1-4,text,true,,703,115,10,10,https://google.com/,351,0,0
1667103318334,508,Request1-1,200,OK,Thread Group 1-4,text,true,,17484,119,10,10,https://www.google.com/,497,0,0
1667103318108,846,Request1,200,OK,Thread Group 1-6,text,true,,18120,234,10,10,https://www.google.com/,347,0,0
1667103318108,347,Request1-0,301,Moved Permanently,Thread Group 1-6,text,true,,703,115,10,10,https://google.com/,347,0,0
1667103318455,499,Request1-1,200,OK,Thread Group 1-6,text,true,,17417,119,10,10,https://www.google.com/,495,0,0
1667103317713,1247,Request1,200,OK,Thread Group 1-1,text,true,,18111,234,10,10,https://www.google.com/,794,0,0
1667103317713,794,Request1-0,301,Moved Permanently,Thread Group 1-1,text,true,,703,115,10,10,https://google.com/,794,0,0
1667103318507,453,Request1-1,200,OK,Thread Group 1-1,text,true,,17408,119,10,10,https://www.google.com/,439,0,0
1667103318215,849,Request1,200,OK,Thread Group 1-3,text,true,,18193,234,10,10,https://www.google.com/,352,0,0
1667103318215,352,Request1-0,301,Moved Permanently,Thread Group 1-3,text,true,,703,115,10,10,https://google.com/,352,0,0
1667103318567,497,Request1-1,200,OK,Thread Group 1-3,text,true,,17490,119,10,10,https://www.google.com/,487,0,0
1667103317981,1241,Request1,200,OK,Thread Group 1-7,text,true,,18210,234,10,10,https://www.google.com/,705,0,0
1667103317981,705,Request1-0,301,Moved Permanently,Thread Group 1-7,text,true,,703,115,10,10,https://google.com/,705,0,0
1667103318686,536,Request1-1,200,OK,Thread Group 1-7,text,true,,17507,119,10,10,https://www.google.com/,513,0,0
1667103318021,1261,Request1,200,OK,Thread Group 1-10,text,true,,18156,234,10,10,https://www.google.com/,340,0,0
1667103318021,340,Request1-0,301,Moved Permanently,Thread Group 1-10,text,true,,703,115,10,10,https://google.com/,340,0,0
1667103318361,921,Request1-1,200,OK,Thread Group 1-10,text,true,,17453,119,10,10,https://www.google.com/,917,0,0
1667103318463,939,Request1,200,OK,Thread Group 1-8,text,true,,18116,234,10,10,https://www.google.com/,422,0,0
1667103318463,422,Request1-0,301,Moved Permanently,Thread Group 1-8,text,true,,703,115,10,10,https://google.com/,422,0,0
1667103318885,517,Request1-1,200,OK,Thread Group 1-8,text,true,,17413,119,10,10,https://www.google.com/,506,0,0
1667103318270,1632,Request1,200,OK,Thread Group 1-5,text,true,,18202,234,10,10,https://www.google.com/,1113,0,0
1667103318270,1113,Request1-0,301,Moved Permanently,Thread Group 1-5,text,true,,703,115,10,10,https://google.com/,1113,0,0
1667103319383,519,Request1-1,200,OK,Thread Group 1-5,text,true,,17499,119,10,10,https://www.google.com/,507,0,0
1667103318798,1210,Request1,200,OK,Thread Group 1-9,text,true,,18235,234,10,10,https://www.google.com/,703,0,0
1667103318798,703,Request1-0,301,Moved Permanently,Thread Group 1-9,text,true,,703,115,10,10,https://google.com/,703,0,0
1667103319501,507,Request1-1,200,OK,Thread Group 1-9,text,true,,17532,119,10,10,https://www.google.com/,493,0,0
1667103319233,855,Request1,200,OK,Thread Group 1-7,text,true,,18189,234,10,10,https://www.google.com/,342,0,0
1667103319233,342,Request1-0,301,Moved Permanently,Thread Group 1-7,text,true,,703,115,10,10,https://google.com/,342,0,0
1667103319575,513,Request1-1,200,OK,Thread Group 1-7,text,true,,17486,119,10,10,https://www.google.com/,501,0,0
1667103318960,1192,Request1,200,OK,Thread Group 1-1,text,true,,18176,234,10,10,https://www.google.com/,726,0,0
1667103318960,726,Request1-0,301,Moved Permanently,Thread Group 1-1,text,true,,703,115,10,10,https://google.com/,726,0,0
1667103319686,466,Request1-1,200,OK,Thread Group 1-1,text,true,,17473,119,10,10,https://www.google.com/,451,0,0
1667103318955,1200,Request1,200,OK,Thread Group 1-6,text,true,,18172,234,10,10,https://www.google.com/,682,0,0
1667103318955,682,Request1-0,301,Moved Permanently,Thread Group 1-6,text,true,,703,115,10,10,https://google.com/,682,0,0
1667103319638,517,Request1-1,200,OK,Thread Group 1-6,text,true,,17469,119,10,10,https://www.google.com/,504,0,0
1667103318548,1682,Request1,200,OK,Thread Group 1-2,text,true,,18184,234,10,10,https://www.google.com/,1170,0,0
1667103318548,1170,Request1-0,301,Moved Permanently,Thread Group 1-2,text,true,,703,115,10,10,https://google.com/,1170,0,0
1667103319718,512,Request1-1,200,OK,Thread Group 1-2,text,true,,17481,119,10,10,https://www.google.com/,495,0,0
1667103319064,1210,Request1,200,OK,Thread Group 1-3,text,true,,18217,234,10,10,https://www.google.com/,353,0,0
1667103319064,353,Request1-0,301,Moved Permanently,Thread Group 1-3,text,true,,703,115,10,10,https://google.com/,353,0,0
1667103319417,857,Request1-1,200,OK,Thread Group 1-3,text,true,,17514,119,10,10,https://www.google.com/,845,0,0
1667103319282,1223,Request1,200,OK,Thread Group 1-10,text,true,,18113,234,10,10,https://www.google.com/,351,0,0
1667103319282,351,Request1-0,301,Moved Permanently,Thread Group 1-10,text,true,,703,115,10,10,https://google.com/,351,0,0
1667103319633,872,Request1-1,200,OK,Thread Group 1-10,text,true,,17410,119,10,10,https://www.google.com/,867,0,0
1667103318843,1697,Request1,200,OK,Thread Group 1-4,text,true,,18205,234,10,10,https://www.google.com/,1182,0,0
1667103318843,1182,Request1-0,301,Moved Permanently,Thread Group 1-4,text,true,,703,115,10,10,https://google.com/,1182,0,0
1667103320026,514,Request1-1,200,OK,Thread Group 1-4,text,true,,17502,119,10,10,https://www.google.com/,503,0,0
1667103319902,863,Request1,200,OK,Thread Group 1-5,text,true,,18217,234,10,10,https://www.google.com/,346,0,0
1667103319902,346,Request1-0,301,Moved Permanently,Thread Group 1-5,text,true,,703,115,10,10,https://google.com/,346,0,0
1667103320248,517,Request1-1,200,OK,Thread Group 1-5,text,true,,17514,119,10,10,https://www.google.com/,517,0,0
1667103320008,857,Request1,200,OK,Thread Group 1-9,text,true,,18170,234,10,10,https://www.google.com/,339,0,0
1667103320008,339,Request1-0,301,Moved Permanently,Thread Group 1-9,text,true,,703,115,10,10,https://google.com/,339,0,0
1667103320347,518,Request1-1,200,OK,Thread Group 1-9,text,true,,17467,119,10,10,https://www.google.com/,507,0,0
1667103319402,1549,Request1,200,OK,Thread Group 1-8,text,true,,18139,234,10,10,https://www.google.com/,1033,0,0
1667103319402,1034,Request1-0,301,Moved Permanently,Thread Group 1-8,text,true,,703,115,10,10,https://google.com/,1033,0,0
1667103320436,515,Request1-1,200,OK,Thread Group 1-8,text,true,,17436,119,10,10,https://www.google.com/,502,0,0
1667103320088,873,Request1,200,OK,Thread Group 1-7,text,true,,18261,234,10,10,https://www.google.com/,356,0,0
1667103320088,356,Request1-0,301,Moved Permanently,Thread Group 1-7,text,true,,703,115,10,10,https://google.com/,356,0,0
1667103320444,517,Request1-1,200,OK,Thread Group 1-7,text,true,,17558,119,10,10,https://www.google.com/,508,0,0
1667103320156,856,Request1,200,OK,Thread Group 1-6,text,true,,18134,234,10,10,https://www.google.com/,342,0,0
1667103320156,342,Request1-0,301,Moved Permanently,Thread Group 1-6,text,true,,703,115,10,10,https://google.com/,342,0,0
1667103320499,513,Request1-1,200,OK,Thread Group 1-6,text,true,,17431,119,10,10,https://www.google.com/,502,0,0
1667103320258,853,Request1,200,OK,Thread Group 1-2,text,true,,18214,234,10,10,https://www.google.com/,341,0,0
1667103320258,341,Request1-0,301,Moved Permanently,Thread Group 1-2,text,true,,703,115,10,10,https://google.com/,341,0,0
1667103320600,511,Request1-1,200,OK,Thread Group 1-2,text,true,,17511,119,10,10,https://www.google.com/,500,0,0
1667103320540,858,Request1,200,OK,Thread Group 1-4,text,true,,18212,234,10,10,https://www.google.com/,337,0,0
1667103320540,337,Request1-0,301,Moved Permanently,Thread Group 1-4,text,true,,703,115,10,10,https://google.com/,337,0,0
1667103320877,521,Request1-1,200,OK,Thread Group 1-4,text,true,,17509,119,10,10,https://www.google.com/,512,0,0
1667103320275,1169,Request1,200,OK,Thread Group 1-3,text,true,,18126,234,10,10,https://www.google.com/,687,0,0
1667103320275,687,Request1-0,301,Moved Permanently,Thread Group 1-3,text,true,,703,115,10,10,https://google.com/,687,0,0
1667103320962,482,Request1-1,200,OK,Thread Group 1-3,text,true,,17423,119,10,10,https://www.google.com/,474,0,0
1667103320152,1319,Request1,200,OK,Thread Group 1-1,text,true,,18135,234,10,10,https://www.google.com/,805,0,0
1667103320152,805,Request1-0,301,Moved Permanently,Thread Group 1-1,text,true,,703,115,10,10,https://google.com/,805,0,0
1667103320957,514,Request1-1,200,OK,Thread Group 1-1,text,true,,17432,119,10,10,https://www.google.com/,507,0,0
1667103320505,1232,Request1,200,OK,Thread Group 1-10,text,true,,18192,234,10,10,https://www.google.com/,769,0,0
1667103320866,866,Request1,200,OK,Thread Group 1-9,text,true,,18088,234,10,10,https://www.google.com/,358,0,0
1667103320505,769,Request1-0,301,Moved Permanently,Thread Group 1-10,text,true,,703,115,10,10,https://google.com/,769,0,0
1667103320866,358,Request1-0,301,Moved Permanently,Thread Group 1-9,text,true,,703,115,10,10,https://google.com/,358,0,0
1667103321274,463,Request1-1,200,OK,Thread Group 1-10,text,true,,17489,119,10,10,https://www.google.com/,458,0,0
1667103321225,507,Request1-1,200,OK,Thread Group 1-9,text,true,,17385,119,10,10,https://www.google.com/,504,0,0
1667103320962,847,Request1,200,OK,Thread Group 1-7,text,true,,18218,234,10,10,https://www.google.com/,345,0,0
1667103320962,345,Request1-0,301,Moved Permanently,Thread Group 1-7,text,true,,703,115,10,10,https://google.com/,345,0,0
1667103321307,502,Request1-1,200,OK,Thread Group 1-7,text,true,,17515,119,10,10,https://www.google.com/,491,0,0
1667103321012,860,Request1,200,OK,Thread Group 1-6,text,true,,18169,234,10,10,https://www.google.com/,356,0,0
1667103321012,356,Request1-0,301,Moved Permanently,Thread Group 1-6,text,true,,703,115,10,10,https://google.com/,356,0,0
1667103321368,504,Request1-1,200,OK,Thread Group 1-6,text,true,,17466,119,10,10,https://www.google.com/,495,0,0
1667103321111,792,Request1,200,OK,Thread Group 1-2,text,true,,18128,234,10,10,https://www.google.com/,358,0,0
1667103321111,358,Request1-0,301,Moved Permanently,Thread Group 1-2,text,true,,703,115,10,10,https://google.com/,358,0,0
1667103321469,434,Request1-1,200,OK,Thread Group 1-2,text,true,,17425,119,10,10,https://www.google.com/,429,0,0
1667103320951,991,Request1,200,OK,Thread Group 1-8,text,true,,18178,234,10,10,https://www.google.com/,474,0,0
1667103320951,474,Request1-0,301,Moved Permanently,Thread Group 1-8,text,true,,703,115,10,10,https://google.com/,474,0,0
1667103321425,517,Request1-1,200,OK,Thread Group 1-8,text,true,,17475,119,10,10,https://www.google.com/,506,0,0
1667103321444,851,Request1,200,OK,Thread Group 1-3,text,true,,18184,234,10,10,https://www.google.com/,344,0,0
1667103321398,858,Request1,200,OK,Thread Group 1-4,text,true,,18159,234,10,10,https://www.google.com/,343,0,0
1667103321444,344,Request1-0,301,Moved Permanently,Thread Group 1-3,text,true,,703,115,10,10,https://google.com/,344,0,0
1667103321398,343,Request1-0,301,Moved Permanently,Thread Group 1-4,text,true,,703,115,10,10,https://google.com/,343,0,0
1667103321788,507,Request1-1,200,OK,Thread Group 1-3,text,true,,17481,119,10,10,https://www.google.com/,500,0,0
1667103321741,515,Request1-1,200,OK,Thread Group 1-4,text,true,,17456,119,10,10,https://www.google.com/,493,0,0
1667103320776,1552,Request1,200,OK,Thread Group 1-5,text,true,,18196,234,10,10,https://www.google.com/,695,0,0
1667103320776,695,Request1-0,301,Moved Permanently,Thread Group 1-5,text,true,,703,115,10,10,https://google.com/,695,0,0
1667103321471,857,Request1-1,200,OK,Thread Group 1-5,text,true,,17493,119,10,10,https://www.google.com/,845,0,0
1667103321472,1198,Request1,200,OK,Thread Group 1-1,text,true,,18212,234,10,10,https://www.google.com/,684,0,0
1667103321472,684,Request1-0,301,Moved Permanently,Thread Group 1-1,text,true,,703,115,10,10,https://google.com/,684,0,0
1667103322156,514,Request1-1,200,OK,Thread Group 1-1,text,true,,17509,119,10,10,https://www.google.com/,503,0,0
1667103321903,866,Request1,200,OK,Thread Group 1-2,text,true,,18179,234,10,10,https://www.google.com/,356,0,0
1667103321903,356,Request1-0,301,Moved Permanently,Thread Group 1-2,text,true,,703,115,10,10,https://google.com/,356,0,0
1667103322259,510,Request1-1,200,OK,Thread Group 1-2,text,true,,17476,119,10,10,https://www.google.com/,509,0,0
1667103321872,1191,Request1,200,OK,Thread Group 1-6,text,true,,18144,234,10,10,https://www.google.com/,690,0,0
1667103321872,690,Request1-0,301,Moved Permanently,Thread Group 1-6,text,true,,703,115,10,10,https://google.com/,690,0,0
1667103322562,501,Request1-1,200,OK,Thread Group 1-6,text,true,,17441,119,10,10,https://www.google.com/,497,0,0
1667103322313,775,Request1,200,OK,Thread Group 1-4,text,true,,18157,234,10,10,https://www.google.com/,357,0,0
1667103322313,357,Request1-0,301,Moved Permanently,Thread Group 1-4,text,true,,703,115,10,10,https://google.com/,357,0,0
1667103322670,418,Request1-1,200,OK,Thread Group 1-4,text,true,,17454,119,10,10,https://www.google.com/,414,0,0
1667103321942,1193,Request1,200,OK,Thread Group 1-8,text,true,,18180,234,10,10,https://www.google.com/,684,0,0
1667103321942,684,Request1-0,301,Moved Permanently,Thread Group 1-8,text,true,,703,115,10,10,https://google.com/,684,0,0
1667103322626,509,Request1-1,200,OK,Thread Group 1-8,text,true,,17477,119,10,10,https://www.google.com/,498,0,0
1667103322328,817,Request1,200,OK,Thread Group 1-5,text,true,,18206,234,10,10,https://www.google.com/,342,0,0
1667103322328,342,Request1-0,301,Moved Permanently,Thread Group 1-5,text,true,,703,115,10,10,https://google.com/,342,0,0
1667103322670,475,Request1-1,200,OK,Thread Group 1-5,text,true,,17503,119,10,10,https://www.google.com/,464,0,0
1667103321795,1617,Request1,200,OK,Thread Group 1-9,text,true,,18115,234,10,10,https://www.google.com/,1097,0,0
1667103321795,1097,Request1-0,301,Moved Permanently,Thread Group 1-9,text,true,,703,115,10,10,https://google.com/,1097,0,0
1667103322893,519,Request1-1,200,OK,Thread Group 1-9,text,true,,17412,119,10,10,https://www.google.com/,512,0,0
1667103322670,844,Request1,200,OK,Thread Group 1-1,text,true,,18224,234,10,10,https://www.google.com/,345,0,0
1667103322670,345,Request1-0,301,Moved Permanently,Thread Group 1-1,text,true,,703,115,10,10,https://google.com/,345,0,0
1667103323015,499,Request1-1,200,OK,Thread Group 1-1,text,true,,17521,119,10,10,https://www.google.com/,492,0,0
1667103323064,773,Request1,200,OK,Thread Group 1-6,text,true,,18227,234,10,10,https://www.google.com/,348,0,0
1667103323064,348,Request1-0,301,Moved Permanently,Thread Group 1-6,text,true,,703,115,10,10,https://google.com/,348,0,0
1667103323412,425,Request1-1,200,OK,Thread Group 1-6,text,true,,17524,119,10,10,https://www.google.com/,417,0,0
1667103321809,2091,Request1,200,OK,Thread Group 1-7,text,true,,18222,234,10,10,https://www.google.com/,1612,0,0
1667103321809,1612,Request1-0,301,Moved Permanently,Thread Group 1-7,text,true,,703,115,10,10,https://google.com/,1612,0,0
1667103323421,479,Request1-1,200,OK,Thread Group 1-7,text,true,,17519,119,10,10,https://www.google.com/,467,0,0
1667103321795,2122,Request1,200,OK,Thread Group 1-10,text,true,,18238,234,10,10,https://www.google.com/,1629,0,0
1667103321795,1629,Request1-0,301,Moved Permanently,Thread Group 1-10,text,true,,703,115,10,10,https://google.com/,1629,0,0
1667103323425,492,Request1-1,200,OK,Thread Group 1-10,text,true,,17535,119,10,10,https://www.google.com/,472,0,0
1667103322313,1657,Request1,200,OK,Thread Group 1-3,text,true,,18117,234,10,10,https://www.google.com/,1147,0,0
1667103322313,1147,Request1-0,301,Moved Permanently,Thread Group 1-3,text,true,,703,115,10,10,https://google.com/,1147,0,0
1667103323460,510,Request1-1,200,OK,Thread Group 1-3,text,true,,17414,119,10,10,https://www.google.com/,504,0,0
1667103323136,840,Request1,200,OK,Thread Group 1-8,text,true,,18173,234,10,10,https://www.google.com/,348,0,0
1667103323136,348,Request1-0,301,Moved Permanently,Thread Group 1-8,text,true,,703,115,10,10,https://google.com/,348,0,0
1667103323484,492,Request1-1,200,OK,Thread Group 1-8,text,true,,17470,119,10,10,https://www.google.com/,484,0,0
1667103322822,1200,Request1,200,OK,Thread Group 1-2,text,true,,18143,234,10,10,https://www.google.com/,695,0,0
1667103322822,695,Request1-0,301,Moved Permanently,Thread Group 1-2,text,true,,703,115,10,10,https://google.com/,695,0,0
1667103323517,505,Request1-1,200,OK,Thread Group 1-2,text,true,,17440,119,10,10,https://www.google.com/,502,0,0
1667103323089,1194,Request1,200,OK,Thread Group 1-4,text,true,,18209,234,10,10,https://www.google.com/,682,0,0
1667103323089,682,Request1-0,301,Moved Permanently,Thread Group 1-4,text,true,,703,115,10,10,https://google.com/,682,0,0
1667103323771,512,Request1-1,200,OK,Thread Group 1-4,text,true,,17506,119,10,10,https://www.google.com/,500,0,0
1667103323412,920,Request1,200,OK,Thread Group 1-9,text,true,,18134,234,10,10,https://www.google.com/,401,0,0
1667103323412,401,Request1-0,301,Moved Permanently,Thread Group 1-9,text,true,,703,115,10,10,https://google.com/,401,0,0
1667103323813,519,Request1-1,200,OK,Thread Group 1-9,text,true,,17431,119,10,10,https://www.google.com/,505,0,0
1667103323900,809,Request1,200,OK,Thread Group 1-7,text,true,,18177,234,10,10,https://www.google.com/,343,0,0
1667103323900,343,Request1-0,301,Moved Permanently,Thread Group 1-7,text,true,,703,115,10,10,https://google.com/,343,0,0
1667103324243,466,Request1-1,200,OK,Thread Group 1-7,text,true,,17474,119,10,10,https://www.google.com/,453,0,0
1667103323146,1703,Request1,200,OK,Thread Group 1-5,text,true,,18228,234,10,10,https://www.google.com/,1186,0,0
1667103323146,1186,Request1-0,301,Moved Permanently,Thread Group 1-5,text,true,,703,115,10,10,https://google.com/,1186,0,0
1667103324332,517,Request1-1,200,OK,Thread Group 1-5,text,true,,17525,119,10,10,https://www.google.com/,501,0,0
1667103324022,858,Request1,200,OK,Thread Group 1-2,text,true,,18196,234,10,10,https://www.google.com/,344,0,0
1667103324022,344,Request1-0,301,Moved Permanently,Thread Group 1-2,text,true,,703,115,10,10,https://google.com/,344,0,0
1667103324367,513,Request1-1,200,OK,Thread Group 1-2,text,true,,17493,119,10,10,https://www.google.com/,501,0,0
1667103324284,878,Request1,200,OK,Thread Group 1-4,text,true,,18226,234,10,10,https://www.google.com/,352,0,0
1667103324284,352,Request1-0,301,Moved Permanently,Thread Group 1-4,text,true,,703,115,10,10,https://google.com/,352,0,0
1667103324636,526,Request1-1,200,OK,Thread Group 1-4,text,true,,17523,119,10,10,https://www.google.com/,510,0,0
1667103323976,1187,Request1,200,OK,Thread Group 1-8,text,true,,18231,234,10,10,https://www.google.com/,674,0,0
1667103323976,674,Request1-0,301,Moved Permanently,Thread Group 1-8,text,true,,703,115,10,10,https://google.com/,674,0,0
1667103324650,513,Request1-1,200,OK,Thread Group 1-8,text,true,,17528,119,10,10,https://www.google.com/,505,0,0
1667103323515,1652,Request1,200,OK,Thread Group 1-1,text,true,,18216,234,10,10,https://www.google.com/,345,0,0
1667103323515,345,Request1-0,301,Moved Permanently,Thread Group 1-1,text,true,,703,115,10,10,https://google.com/,345,0,0
1667103323860,1307,Request1-1,200,OK,Thread Group 1-1,text,true,,17513,119,10,10,https://www.google.com/,1299,0,0
1667103323971,1207,Request1,200,OK,Thread Group 1-3,text,true,,18174,234,10,10,https://www.google.com/,689,0,0
1667103323971,689,Request1-0,301,Moved Permanently,Thread Group 1-3,text,true,,703,115,10,10,https://google.com/,689,0,0
1667103324660,518,Request1-1,200,OK,Thread Group 1-3,text,true,,17471,119,10,10,https://www.google.com/,508,0,0
1667103323917,1609,Request1,200,OK,Thread Group 1-10,text,true,,18150,234,10,10,https://www.google.com/,345,0,0
1667103323917,345,Request1-0,301,Moved Permanently,Thread Group 1-10,text,true,,703,115,10,10,https://google.com/,345,0,0
1667103324262,1264,Request1-1,200,OK,Thread Group 1-10,text,true,,17447,119,10,10,https://www.google.com/,1253,0,0
1667103323850,1747,Request1,200,OK,Thread Group 1-6,text,true,,18210,234,10,10,https://www.google.com/,1236,0,0
1667103323850,1236,Request1-0,301,Moved Permanently,Thread Group 1-6,text,true,,703,115,10,10,https://google.com/,1236,0,0
1667103325087,510,Request1-1,200,OK,Thread Group 1-6,text,true,,17507,119,10,10,https://www.google.com/,498,0,0
1667103324710,1211,Request1,200,OK,Thread Group 1-7,text,true,,18142,234,10,10,https://www.google.com/,698,0,0
1667103324710,698,Request1-0,301,Moved Permanently,Thread Group 1-7,text,true,,703,115,10,10,https://google.com/,698,0,0
1667103325409,512,Request1-1,200,OK,Thread Group 1-7,text,true,,17439,119,10,10,https://www.google.com/,504,0,0
1667103325167,822,Request1,200,OK,Thread Group 1-1,text,true,,18168,234,10,10,https://www.google.com/,343,0,0
1667103325167,343,Request1-0,301,Moved Permanently,Thread Group 1-1,text,true,,703,115,10,10,https://google.com/,343,0,0
1667103325511,478,Request1-1,200,OK,Thread Group 1-1,text,true,,17465,119,10,10,https://www.google.com/,466,0,0
1667103324876,1178,Request1,200,OK,Thread Group 1-5,text,true,,18187,234,10,10,https://www.google.com/,340,0,0
1667103324876,340,Request1-0,301,Moved Permanently,Thread Group 1-5,text,true,,703,115,10,10,https://google.com/,340,0,0
1667103325216,838,Request1-1,200,OK,Thread Group 1-5,text,true,,17484,119,10,10,https://www.google.com/,827,0,0
1667103324356,1869,Request1,200,OK,Thread Group 1-9,text,true,,18179,234,10,10,https://www.google.com/,1355,0,0
1667103324356,1355,Request1-0,301,Moved Permanently,Thread Group 1-9,text,true,,703,115,10,10,https://google.com/,1355,0,0
1667103325711,514,Request1-1,200,OK,Thread Group 1-9,text,true,,17476,119,10,10,https://www.google.com/,503,0,0
1667103325164,1144,Request1,200,OK,Thread Group 1-8,text,true,,18118,234,10,10,https://www.google.com/,688,0,0
1667103325164,689,Request1-0,301,Moved Permanently,Thread Group 1-8,text,true,,703,115,10,10,https://google.com/,688,0,0
1667103325853,455,Request1-1,200,OK,Thread Group 1-8,text,true,,17415,119,10,10,https://www.google.com/,447,0,0
1667103325526,890,Request1,200,OK,Thread Group 1-10,text,true,,18174,234,10,10,https://www.google.com/,417,0,0
1667103325179,1207,Request1,200,OK,Thread Group 1-3,text,true,,18210,234,10,10,https://www.google.com/,692,0,0
1667103325526,417,Request1-0,301,Moved Permanently,Thread Group 1-10,text,true,,703,115,10,10,https://google.com/,417,0,0
1667103325943,473,Request1-1,200,OK,Thread Group 1-10,text,true,,17471,119,10,10,https://www.google.com/,466,0,0
1667103325179,692,Request1-0,301,Moved Permanently,Thread Group 1-3,text,true,,703,115,10,10,https://google.com/,692,0,0
1667103325871,515,Request1-1,200,OK,Thread Group 1-3,text,true,,17507,119,10,10,https://www.google.com/,511,0,0
1667103325597,857,Request1,200,OK,Thread Group 1-6,text,true,,18118,234,10,10,https://www.google.com/,347,0,0
1667103325597,347,Request1-0,301,Moved Permanently,Thread Group 1-6,text,true,,703,115,10,10,https://google.com/,347,0,0
1667103325944,510,Request1-1,200,OK,Thread Group 1-6,text,true,,17415,119,10,10,https://www.google.com/,500,0,0
1667103326055,842,Request1,200,OK,Thread Group 1-5,text,true,,18183,234,10,10,https://www.google.com/,357,0,0
1667103325163,1710,Request1,200,OK,Thread Group 1-4,text,true,,18240,234,10,10,https://www.google.com/,1184,0,0
1667103325163,1184,Request1-0,301,Moved Permanently,Thread Group 1-4,text,true,,703,115,10,10,https://google.com/,1184,0,0
1667103326055,357,Request1-0,301,Moved Permanently,Thread Group 1-5,text,true,,703,115,10,10,https://google.com/,357,0,0
1667103326347,526,Request1-1,200,OK,Thread Group 1-4,text,true,,17537,119,10,10,https://www.google.com/,514,0,0
1667103326412,485,Request1-1,200,OK,Thread Group 1-5,text,true,,17480,119,10,10,https://www.google.com/,475,0,0
1667103325921,1124,Request1,200,OK,Thread Group 1-7,text,true,,18231,234,10,10,https://www.google.com/,609,0,0
1667103325921,609,Request1-0,301,Moved Permanently,Thread Group 1-7,text,true,,703,115,10,10,https://google.com/,609,0,0
1667103326530,515,Request1-1,200,OK,Thread Group 1-7,text,true,,17528,119,10,10,https://www.google.com/,503,0,0
1667103326225,871,Request1,200,OK,Thread Group 1-9,text,true,,18175,234,10,10,https://www.google.com/,354,0,0
1667103326225,354,Request1-0,301,Moved Permanently,Thread Group 1-9,text,true,,703,115,10,10,https://google.com/,354,0,0
1667103326579,517,Request1-1,200,OK,Thread Group 1-9,text,true,,17472,119,10,10,https://www.google.com/,495,0,0
1667103325989,1146,Request1,200,OK,Thread Group 1-1,text,true,,18206,234,10,10,https://www.google.com/,354,0,0
1667103325989,354,Request1-0,301,Moved Permanently,Thread Group 1-1,text,true,,703,115,10,10,https://google.com/,354,0,0
1667103326344,791,Request1-1,200,OK,Thread Group 1-1,text,true,,17503,119,10,10,https://www.google.com/,777,0,0
1667103326308,871,Request1,200,OK,Thread Group 1-8,text,true,,18205,234,10,10,https://www.google.com/,355,0,0
1667103326308,355,Request1-0,301,Moved Permanently,Thread Group 1-8,text,true,,703,115,10,10,https://google.com/,355,0,0
1667103326663,516,Request1-1,200,OK,Thread Group 1-8,text,true,,17502,119,10,10,https://www.google.com/,504,0,0
1667103324881,2441,Request1,200,OK,Thread Group 1-2,text,true,,18121,234,10,10,https://www.google.com/,1923,0,0
1667103324881,1924,Request1-0,301,Moved Permanently,Thread Group 1-2,text,true,,703,115,10,10,https://google.com/,1923,0,0
1667103326805,517,Request1-1,200,OK,Thread Group 1-2,text,true,,17418,119,10,10,https://www.google.com/,506,0,0
1667103326421,1046,Request1,200,OK,Thread Group 1-3,text,true,,18194,234,9,9,https://www.google.com/,341,0,0
1667103326421,341,Request1-0,301,Moved Permanently,Thread Group 1-3,text,true,,703,115,9,9,https://google.com/,341,0,0
1667103326762,705,Request1-1,200,OK,Thread Group 1-3,text,true,,17491,119,9,9,https://www.google.com/,695,0,0
1667103326932,764,Request1,200,OK,Thread Group 1-4,text,true,,18138,234,8,8,https://www.google.com/,350,0,0
1667103326932,350,Request1-0,301,Moved Permanently,Thread Group 1-4,text,true,,703,115,8,8,https://google.com/,350,0,0
1667103327282,414,Request1-1,200,OK,Thread Group 1-4,text,true,,17435,119,8,8,https://www.google.com/,408,0,0
1667103327096,846,Request1,200,OK,Thread Group 1-9,text,true,,18123,234,7,7,https://www.google.com/,347,0,0
1667103327096,347,Request1-0,301,Moved Permanently,Thread Group 1-9,text,true,,703,115,7,7,https://google.com/,347,0,0
1667103327443,499,Request1-1,200,OK,Thread Group 1-9,text,true,,17420,119,7,7,https://www.google.com/,495,0,0
1667103326421,1607,Request1,200,OK,Thread Group 1-10,text,true,,18220,234,6,6,https://www.google.com/,690,0,0
1667103326421,690,Request1-0,301,Moved Permanently,Thread Group 1-10,text,true,,703,115,6,6,https://google.com/,690,0,0
1667103327111,917,Request1-1,200,OK,Thread Group 1-10,text,true,,17517,119,6,6,https://www.google.com/,904,0,0
1667103326455,1660,Request1,200,OK,Thread Group 1-6,text,true,,18219,234,5,5,https://www.google.com/,1149,0,0
1667103326455,1149,Request1-0,301,Moved Permanently,Thread Group 1-6,text,true,,703,115,5,5,https://google.com/,1149,0,0
1667103327604,511,Request1-1,200,OK,Thread Group 1-6,text,true,,17516,119,5,5,https://www.google.com/,497,0,0
1667103327045,1203,Request1,200,OK,Thread Group 1-7,text,true,,18214,234,4,4,https://www.google.com/,693,0,0
1667103327045,693,Request1-0,301,Moved Permanently,Thread Group 1-7,text,true,,703,115,4,4,https://google.com/,693,0,0
1667103327738,510,Request1-1,200,OK,Thread Group 1-7,text,true,,17511,119,4,4,https://www.google.com/,499,0,0
1667103327136,1289,Request1,200,OK,Thread Group 1-1,text,true,,18115,234,3,3,https://www.google.com/,812,0,0
1667103327136,812,Request1-0,301,Moved Permanently,Thread Group 1-1,text,true,,703,115,3,3,https://google.com/,812,0,0
1667103327948,477,Request1-1,200,OK,Thread Group 1-1,text,true,,17412,119,3,3,https://www.google.com/,466,0,0
1667103326932,1648,Request1,200,OK,Thread Group 1-5,text,true,,18172,234,2,2,https://www.google.com/,1128,0,0
1667103326932,1128,Request1-0,301,Moved Permanently,Thread Group 1-5,text,true,,703,115,2,2,https://google.com/,1128,0,0
1667103328060,520,Request1-1,200,OK,Thread Group 1-5,text,true,,17469,119,2,2,https://www.google.com/,510,0,0
1667103327179,1644,Request1,200,OK,Thread Group 1-8,text,true,,18202,234,1,1,https://www.google.com/,1127,0,0
1667103327179,1127,Request1-0,301,Moved Permanently,Thread Group 1-8,text,true,,703,115,1,1,https://google.com/,1127,0,0
1667103328306,517,Request1-1,200,OK,Thread Group 1-8,text,true,,17499,119,1,1,https://www.google.com/,506,0,0
